用户电话,通讯录电话,通讯录姓名,添加时间
13966666666,4008308300,华为客服,"2018-07-11 15:10:41"
13966666666,18315477020,15765013121,"2018-07-11 15:10:41"
13966666666,15288534288,13856080476,"2018-07-11 15:10:41"
13966666666,18274244562,18653602304,"2018-07-11 15:10:41"
13966666666,15520549260,13008506972,"2018-07-11 15:10:41"
13966666666,18712806677,13620332201,"2018-07-11 15:10:41"
13966666666,18988491423,13626160328,"2018-07-11 15:10:41"
13966666666,15914727067,18911505292,"2018-07-11 15:10:41"
13966666666,17866834186,18148551361,"2018-07-11 15:10:41"
13966666666,13272190095,14526973257,"2018-07-11 15:10:41"
