手机号,登录次数,手机次数,微信次数,PC次数,最后IP,最后登录时间
15177777777,12,12,0,0,192.168.11.105,"2018-07-16 15:26:17"
15666666666,44,44,0,0,192.168.11.170,"2018-07-16 15:24:50"
15155555555,3,3,0,0,192.168.11.105,"2018-07-16 15:15:48"
15100000000,10,10,0,0,192.168.11.168,"2018-07-16 15:08:44"
15144444444,2,2,0,0,192.168.11.105,"2018-07-16 14:09:27"
15166666666,1,1,0,0,192.168.11.105,"2018-07-16 14:07:09"
15133333333,1,1,0,0,192.168.11.105,"2018-07-16 14:00:48"
15122222222,1,1,0,0,192.168.11.105,"2018-07-16 14:00:48"
15111111111,2,2,0,0,192.168.11.105,"2018-07-16 13:58:28"
15266666666,2,2,0,0,192.168.11.105,"2018-07-16 13:55:40"
13233333333,3,3,0,0,192.168.11.105,"2018-07-16 11:13:06"
15255555566,1,1,0,0,192.168.11.168,"2018-07-16 10:23:15"
13177777777,18,18,0,0,192.168.11.105,"2018-07-14 18:34:25"
15322222222,1,1,0,0,192.168.11.105,"2018-07-14 17:04:26"
15311111111,2,2,0,0,192.168.11.105,"2018-07-14 17:03:53"
18938880001,9,9,0,0,192.168.11.139,"2018-07-14 16:55:45"
13122222222,30,30,0,0,192.168.11.105,"2018-07-14 16:53:24"
13111111111,9,9,0,0,192.168.11.105,"2018-07-14 16:52:20"
15768118003,1,1,0,0,192.168.11.105,"2018-07-14 16:34:39"
15288888888,1,1,0,0,192.168.11.105,"2018-07-14 16:19:40"
15277777777,1,1,0,0,192.168.11.105,"2018-07-14 16:18:10"
15255555555,1,1,0,0,192.168.11.105,"2018-07-14 16:02:26"
15244444444,1,1,0,0,192.168.11.105,"2018-07-14 15:57:17"
13588844556,1,1,0,0,192.168.11.138,"2018-07-14 15:12:13"
13669442555,7,7,0,0,192.168.11.138,"2018-07-14 15:05:30"
15222222222,5,5,0,0,192.168.11.105,"2018-07-14 14:49:28"
15233333333,1,1,0,0,192.168.11.105,"2018-07-14 14:48:09"
13100000000,11,11,0,0,192.168.11.105,"2018-07-14 14:44:13"
18938880003,2,2,0,0,192.168.11.111,"2018-07-14 14:42:51"
16532586358,14,14,0,0,127.0.0.1,"2018-07-14 14:32:01"
18544565522,1,1,0,0,127.0.0.1,"2018-07-14 14:25:09"
15857857994,1,1,0,0,192.168.11.133,"2018-07-14 14:10:40"
15333333333,1,1,0,0,192.168.11.105,"2018-07-14 13:59:57"
15858967996,1,1,0,0,192.168.11.133,"2018-07-14 13:53:31"
13000000000,17,17,0,0,192.168.11.105,"2018-07-14 13:46:37"
15211111111,3,3,0,0,192.168.11.105,"2018-07-14 12:07:26"
18111111111,1,1,0,0,192.168.11.105,"2018-07-14 11:57:52"
13111111122,23,23,0,0,192.168.11.105,"2018-07-14 11:52:11"
13133333333,12,12,0,0,192.168.11.105,"2018-07-14 11:15:44"
18133333333,1,1,0,0,192.168.11.105,"2018-07-14 11:03:09"
18122222222,1,1,0,0,192.168.11.105,"2018-07-14 10:59:41"
18611111111,1,1,0,0,192.168.11.105,"2018-07-14 10:47:42"
13199999999,2,2,0,0,192.168.11.105,"2018-07-14 10:36:04"
15288966996,1,1,0,0,192.168.11.168,"2018-07-14 09:39:23"
18668696869,2,2,0,0,192.168.11.105,"2018-07-13 18:36:46"
13966666666,50,50,0,0,192.168.11.117,"2018-07-13 18:30:45"
15584377432,1,1,0,0,192.168.11.105,"2018-07-13 18:25:01"
15326586544,1,1,0,0,192.168.11.105,"2018-07-13 18:09:30"
13358588888,1,1,0,0,192.168.11.105,"2018-07-13 18:03:52"
16622222222,6,6,0,0,192.168.11.105,"2018-07-13 17:59:56"
16677777777,20,20,0,0,192.168.11.105,"2018-07-13 17:57:24"
13625555547,1,1,0,0,192.168.11.105,"2018-07-13 17:32:21"
19956235575,1,1,0,0,192.168.11.105,"2018-07-13 17:31:22"
19321468982,1,1,0,0,192.168.11.105,"2018-07-13 16:05:05"
13254225699,1,1,0,0,192.168.11.105,"2018-07-13 16:03:47"
13669984575,1,1,0,0,192.168.11.138,"2018-07-13 16:02:40"
13699994444,1,1,0,0,192.168.11.138,"2018-07-13 16:02:12"
18454545754,1,1,0,0,192.168.11.118,"2018-07-13 15:49:07"
15945451452,1,1,0,0,192.168.11.118,"2018-07-13 15:48:50"
13666444777,1,1,0,0,192.168.11.138,"2018-07-13 15:46:38"
18478788173,1,1,0,0,192.168.11.138,"2018-07-13 15:45:20"
13699999944,1,1,0,0,192.168.11.138,"2018-07-13 15:44:17"
13169888674,1,1,0,0,192.168.11.118,"2018-07-13 15:42:47"
13169882587,1,1,0,0,192.168.11.118,"2018-07-13 15:42:31"
13699955252,1,1,0,0,192.168.11.105,"2018-07-13 15:12:15"
13433622548,1,1,0,0,192.168.11.138,"2018-07-13 15:10:14"
15899995656,1,1,0,0,192.168.11.105,"2018-07-13 15:10:09"
13433214528,1,1,0,0,192.168.11.138,"2018-07-13 15:09:32"
15895525871,1,1,0,0,192.168.11.118,"2018-07-13 15:09:16"
15895525876,1,1,0,0,192.168.11.118,"2018-07-13 15:08:33"
15628888585,2,2,0,0,192.168.11.105,"2018-07-13 15:07:50"
13011111111,27,27,0,0,192.168.11.133,"2018-07-13 14:59:01"
15221212222,2,2,0,0,192.168.11.105,"2018-07-13 14:55:56"
13563253655,1,1,0,0,192.168.11.105,"2018-07-13 14:47:35"
13652858887,1,1,0,0,192.168.11.153,"2018-07-13 13:50:57"
13652555588,1,1,0,0,192.168.11.175,"2018-07-13 13:45:16"
15825252525,2,2,0,0,192.168.11.133,"2018-07-13 12:40:44"
13652365236,2,2,0,0,192.168.11.153,"2018-07-13 12:33:44"
13653252888,2,2,0,0,192.168.11.117,"2018-07-13 11:46:02"
13166666666,3,3,0,0,192.168.11.105,"2018-07-13 11:39:45"
16675757575,2,2,0,0,192.168.11.105,"2018-07-13 11:22:41"
13155555555,2,2,0,0,192.168.11.105,"2018-07-13 11:22:11"
19977777777,4,4,0,0,192.168.11.105,"2018-07-13 11:19:45"
13658888888,4,4,0,0,192.168.11.138,"2018-07-13 11:17:55"
16677773300,1,1,0,0,192.168.11.105,"2018-07-13 11:16:58"
13125558888,4,4,0,0,192.168.11.138,"2018-07-13 11:14:12"
18938880006,1,1,0,0,192.168.11.139,"2018-07-13 11:05:15"
15586996366,4,4,0,0,127.0.0.1,"2018-07-13 10:52:42"
13563355568,1,1,0,0,192.168.11.117,"2018-07-13 10:29:39"
13144444444,1,1,0,0,192.168.11.105,"2018-07-13 10:08:03"
16677773333,2,2,0,0,192.168.11.105,"2018-07-13 09:51:41"
13653535684,1,1,0,0,192.168.11.154,"2018-07-12 18:12:46"
13044444444,9,9,0,0,192.168.11.154,"2018-07-12 17:48:35"
15288669466,1,1,0,0,192.168.11.133,"2018-07-12 17:42:31"
15286696996,1,1,0,0,192.168.11.133,"2018-07-12 17:35:44"
15326578965,1,1,0,0,192.168.11.154,"2018-07-12 17:33:31"
15582866964,1,1,0,0,192.168.11.133,"2018-07-12 17:26:42"
15363666666,1,1,0,0,192.168.11.133,"2018-07-12 17:20:42"
15285866966,1,1,0,0,192.168.11.133,"2018-07-12 17:15:33"
15358866999,1,1,0,0,192.168.11.133,"2018-07-12 17:13:29"
18938880005,1,1,0,0,192.168.11.111,"2018-07-12 17:11:24"
18938880004,1,1,0,0,192.168.11.117,"2018-07-12 17:09:15"
13244455555,1,1,0,0,192.168.11.138,"2018-07-12 16:40:39"
13169325124,1,1,0,0,192.168.11.138,"2018-07-12 16:39:45"
13169601342,1,1,0,0,192.168.11.154,"2018-07-12 16:38:27"
13011111122,1,1,0,0,192.168.11.105,"2018-07-12 16:35:25"
15825471749,1,1,0,0,192.168.11.105,"2018-07-12 16:34:31"
16622874512,1,1,0,0,192.168.11.105,"2018-07-12 16:08:50"
16622774512,1,1,0,0,192.168.11.105,"2018-07-12 16:08:14"
16677774512,1,1,0,0,192.168.11.105,"2018-07-12 16:07:58"
13653535353,1,1,0,0,192.168.11.154,"2018-07-12 16:00:21"
13124581346,3,3,0,0,192.168.11.138,"2018-07-12 15:43:54"
13022222222,2,2,0,0,192.168.11.105,"2018-07-12 14:58:32"
18740400002,1,1,0,0,192.168.11.105,"2018-07-12 14:39:09"
18740400001,1,1,0,0,192.168.11.105,"2018-07-12 14:35:43"
18777777777,2,2,0,0,127.0.0.1,"2018-07-12 13:58:35"
18740400000,1,1,0,0,192.168.11.105,"2018-07-12 13:42:27"
16677777788,8,8,0,0,192.168.11.105,"2018-07-12 13:33:58"
13666666666,1,1,0,0,192.168.11.105,"2018-07-12 11:58:23"
13300000000,6,6,0,0,192.168.11.105,"2018-07-12 11:12:35"
13355555555,1,1,0,0,192.168.11.105,"2018-07-12 11:05:59"
13333333333,1,1,0,0,192.168.11.105,"2018-07-12 10:58:01"
13244444444,5,5,0,0,192.168.11.105,"2018-07-12 10:56:50"
19912122222,1,1,0,0,192.168.11.105,"2018-07-12 10:55:09"
13967392929,2,2,0,0,192.168.11.105,"2018-07-12 10:48:49"
18525253003,1,1,0,0,192.168.11.105,"2018-07-12 10:44:51"
19955555555,1,1,0,0,192.168.11.105,"2018-07-12 10:18:13"
16655555555,4,4,0,0,192.168.11.105,"2018-07-12 10:09:39"
15825699666,1,1,0,0,192.168.11.168,"2018-07-12 09:16:26"
15252866966,2,2,0,0,192.168.11.168,"2018-07-12 09:15:58"
16622221111,1,1,0,0,192.168.11.105,"2018-07-11 18:00:08"
13878787777,1,1,0,0,192.168.11.105,"2018-07-11 17:42:05"
13055550000,1,1,0,0,192.168.11.105,"2018-07-11 17:33:52"
19916844431,2,2,0,0,127.0.0.1,"2018-07-11 17:31:06"
15288969999,1,1,0,0,192.168.11.168,"2018-07-11 17:23:30"
15255666588,1,1,0,0,192.168.11.168,"2018-07-11 17:14:23"
15828896688,1,1,0,0,192.168.11.168,"2018-07-11 17:09:28"
13000001111,3,3,0,0,192.168.11.105,"2018-07-11 16:42:21"
13000000001,1,1,0,0,192.168.11.105,"2018-07-11 16:37:25"
13222222222,1,1,0,0,192.168.11.105,"2018-07-11 16:16:53"
18938880002,1,1,0,0,192.168.11.111,"2018-07-11 14:04:17"
18664987795,1,1,0,0,192.168.11.144,"2018-07-11 13:59:22"
13344444444,1,1,0,0,192.168.11.105,"2018-07-11 12:02:30"
13413452458,1,1,0,0,192.168.11.138,"2018-07-11 11:56:18"
13244444443,1,1,0,0,192.168.11.105,"2018-07-11 11:11:39"
13111111133,3,3,0,0,192.168.11.105,"2018-07-11 10:55:45"
13223232323,1,1,0,0,192.168.11.154,"2018-07-10 18:33:12"
13658585855,1,1,0,0,192.168.11.154,"2018-07-10 18:27:49"
19912345678,1,1,0,0,192.168.11.138,"2018-07-10 18:25:13"
13265363636,1,1,0,0,192.168.11.154,"2018-07-10 18:22:43"
13780808080,1,1,0,0,192.168.11.105,"2018-07-10 17:06:08"
13511111111,1,1,0,0,192.168.11.105,"2018-07-10 15:21:26"
13111111110,1,1,0,0,192.168.11.105,"2018-07-10 15:00:43"
16666666661,1,1,0,0,192.168.11.105,"2018-07-10 14:51:16"
13169803325,1,1,0,0,192.168.11.138,"2018-07-10 14:37:14"
15825252528,1,1,0,0,192.168.11.133,"2018-07-10 14:24:04"
13939399999,1,1,0,0,192.168.11.105,"2018-07-10 14:21:49"
